0,1,2
Miro Mind Map,Use cases,Brainstorm
Miro Mind Map,Use cases,Structure research results
Miro Mind Map,Use cases,Design information architecture
Miro Mind Map,Use cases,Plan projects
Miro Mind Map,Use cases,Create org charts
Miro Mind Map,Use cases,Develop sales strategies
Miro Mind Map,Use cases,Analyze problems
Miro Mind Map,Robust collaborative features,Real-time collaboration
Miro Mind Map,Robust collaborative features,Endless canvas
Miro Mind Map,Robust collaborative features,Comments
Miro Mind Map,Robust collaborative features,Video chat
Miro Mind Map,Robust collaborative features,Presentation mode
Miro Mind Map,Robust collaborative features,High resolution export
Miro Mind Map,Mind mapping features,Different themes
Miro Mind Map,Mind mapping features,Keyboard shortcuts
Miro Mind Map,Mind mapping features,Auto arrange
Miro Mind Map,Mind mapping features,Links to anything
